{
  "timestamp": "2026-06-21T20:25:29.237219",
  "backbone": "BAAI/bge-m3 + intfloat/multilingual-e5-large-instruct (concat 2048-dim)",
  "num_classes": 10,
  "num_examples": 437,
  "cv_folds": 5,
  "cv_repeats": 5,
  "accuracy": 0.7537757437070939,
  "accuracy_std": 0.009879649036577993,
  "macro_f1": 0.7645160802011299,
  "macro_f1_std": 0.008402125907317546,
  "per_class": {
    "Culture & société": {
      "f1": 0.7764813079246069,
      "f1_std": 0.02748130040831069,
      "precision": 0.7819042553191489,
      "recall": 0.7714285714285714,
      "support": 49.0
    },
    "Eau & environnement": {
      "f1": 0.7350448431954097,
      "f1_std": 0.02137311679308977,
      "precision": 0.736176673567978,
      "recall": 0.7348837209302326,
      "support": 43.0
    },
    "Économie & social": {
      "f1": 0.6929337222589441,
      "f1_std": 0.03448267621276447,
      "precision": 0.6798178318479595,
      "recall": 0.706896551724138,
      "support": 58.0
    },
    "Éducation": {
      "f1": 0.8326371601843301,
      "f1_std": 0.03110976342333456,
      "precision": 0.8364802604802604,
      "recall": 0.8296296296296296,
      "support": 27.0
    },
    "Faits divers": {
      "f1": 0.7077827969132318,
      "f1_std": 0.03143856658963271,
      "precision": 0.7095708313228697,
      "recall": 0.7066666666666667,
      "support": 45.0
    },
    "International": {
      "f1": 0.7843458184163543,
      "f1_std": 0.016674316871922674,
      "precision": 0.7642240215924426,
      "recall": 0.8067796610169491,
      "support": 59.0
    },
    "Outre-mer & Caraïbes": {
      "f1": 0.7082336466006266,
      "f1_std": 0.02092409504219283,
      "precision": 0.7308261774655217,
      "recall": 0.6875,
      "support": 64.0
    },
    "Politique": {
      "f1": 0.7354535072416317,
      "f1_std": 0.016396483765342737,
      "precision": 0.7591697729248439,
      "recall": 0.7151515151515152,
      "support": 33.0
    },
    "Santé": {
      "f1": 0.8192557267927443,
      "f1_std": 0.01290554561767424,
      "precision": 0.83356481949641,
      "recall": 0.80625,
      "support": 32.0
    },
    "Sport": {
      "f1": 0.8529922724834206,
      "f1_std": 0.020280557273490978,
      "precision": 0.8289495450785773,
      "recall": 0.8814814814814815,
      "support": 27.0
    }
  }
}