{
  "timestamp": "2026-04-07T00:10:37.951213",
  "backbone": "BAAI/bge-m3 + intfloat/multilingual-e5-large-instruct (concat 2048-dim)",
  "num_classes": 10,
  "num_examples": 205,
  "cv_folds": 5,
  "accuracy": 0.8048780487804879,
  "macro_f1": 0.8165487281518994,
  "per_class": {
    "Culture & société": {
      "f1": 0.8333333333333334,
      "precision": 0.8,
      "recall": 0.8695652173913043,
      "support": 23.0
    },
    "Eau & environnement": {
      "f1": 0.8571428571428571,
      "precision": 0.8333333333333334,
      "recall": 0.8823529411764706,
      "support": 17.0
    },
    "Économie & social": {
      "f1": 0.6808510638297872,
      "precision": 0.6956521739130435,
      "recall": 0.6666666666666666,
      "support": 24.0
    },
    "Éducation": {
      "f1": 0.8695652173913043,
      "precision": 0.9090909090909091,
      "recall": 0.8333333333333334,
      "support": 12.0
    },
    "Faits divers": {
      "f1": 0.7916666666666666,
      "precision": 0.76,
      "recall": 0.8260869565217391,
      "support": 23.0
    },
    "International": {
      "f1": 0.8076923076923077,
      "precision": 0.875,
      "recall": 0.75,
      "support": 28.0
    },
    "Outre-mer & Caraïbes": {
      "f1": 0.7945205479452054,
      "precision": 0.7435897435897436,
      "recall": 0.8529411764705882,
      "support": 34.0
    },
    "Politique": {
      "f1": 0.7741935483870968,
      "precision": 0.8571428571428571,
      "recall": 0.7058823529411765,
      "support": 17.0
    },
    "Santé": {
      "f1": 0.8,
      "precision": 0.8,
      "recall": 0.8,
      "support": 15.0
    },
    "Sport": {
      "f1": 0.9565217391304348,
      "precision": 1.0,
      "recall": 0.9166666666666666,
      "support": 12.0
    }
  }
}