{
  "timestamp": "2026-03-15T22:25:52.788811",
  "backbone": "BAAI/bge-m3",
  "num_classes": 10,
  "num_examples": 163,
  "cv_folds": 5,
  "accuracy": 0.754601226993865,
  "macro_f1": 0.7571333243687522,
  "per_class": {
    "Culture & société": {
      "f1": 0.7567567567567568,
      "precision": 0.7777777777777778,
      "recall": 0.7368421052631579,
      "support": 19.0
    },
    "Eau & environnement": {
      "f1": 0.8,
      "precision": 0.8571428571428571,
      "recall": 0.75,
      "support": 16.0
    },
    "Économie & social": {
      "f1": 0.5925925925925926,
      "precision": 0.8,
      "recall": 0.47058823529411764,
      "support": 17.0
    },
    "Éducation": {
      "f1": 0.8333333333333334,
      "precision": 0.7692307692307693,
      "recall": 0.9090909090909091,
      "support": 11.0
    },
    "Faits divers": {
      "f1": 0.8780487804878049,
      "precision": 0.8181818181818182,
      "recall": 0.9473684210526315,
      "support": 19.0
    },
    "International": {
      "f1": 0.625,
      "precision": 0.5882352941176471,
      "recall": 0.6666666666666666,
      "support": 15.0
    },
    "Outre-mer & Caraïbes": {
      "f1": 0.711864406779661,
      "precision": 0.65625,
      "recall": 0.7777777777777778,
      "support": 27.0
    },
    "Politique": {
      "f1": 0.8148148148148148,
      "precision": 0.9166666666666666,
      "recall": 0.7333333333333333,
      "support": 15.0
    },
    "Santé": {
      "f1": 0.7407407407407407,
      "precision": 0.6666666666666666,
      "recall": 0.8333333333333334,
      "support": 12.0
    },
    "Sport": {
      "f1": 0.8181818181818182,
      "precision": 0.9,
      "recall": 0.75,
      "support": 12.0
    }
  }
}