{
  "timestamp": "2026-06-10T13:17:57.399871",
  "backbone": "BAAI/bge-m3 + intfloat/multilingual-e5-large-instruct (concat 2048-dim)",
  "num_classes": 10,
  "num_examples": 405,
  "cv_folds": 5,
  "cv_repeats": 5,
  "accuracy": 0.7693827160493827,
  "accuracy_std": 0.005084261798018267,
  "macro_f1": 0.7804658224098541,
  "macro_f1_std": 0.007267875331500511,
  "per_class": {
    "Culture & société": {
      "f1": 0.8377405573506638,
      "f1_std": 0.020142855922249382,
      "precision": 0.8414649484882043,
      "recall": 0.8355555555555556,
      "support": 45.0
    },
    "Eau & environnement": {
      "f1": 0.7389702755848923,
      "f1_std": 0.01208523745764713,
      "precision": 0.7178425593319211,
      "recall": 0.7619047619047619,
      "support": 42.0
    },
    "Économie & social": {
      "f1": 0.7004303834740628,
      "f1_std": 0.007495281562895651,
      "precision": 0.7252237956308262,
      "recall": 0.6784313725490196,
      "support": 51.0
    },
    "Éducation": {
      "f1": 0.8259591836734692,
      "f1_std": 0.03274436215306885,
      "precision": 0.8363333333333334,
      "recall": 0.8160000000000001,
      "support": 25.0
    },
    "Faits divers": {
      "f1": 0.7486106752973114,
      "f1_std": 0.025527726025825762,
      "precision": 0.7317614830961647,
      "recall": 0.7666666666666667,
      "support": 42.0
    },
    "International": {
      "f1": 0.7919078470375388,
      "f1_std": 0.02625341101577369,
      "precision": 0.7742551004676499,
      "recall": 0.8109090909090909,
      "support": 55.0
    },
    "Outre-mer & Caraïbes": {
      "f1": 0.6780147341095897,
      "f1_std": 0.02190152743386802,
      "precision": 0.6948325035390155,
      "recall": 0.6631578947368422,
      "support": 57.0
    },
    "Politique": {
      "f1": 0.7643249561659848,
      "f1_std": 0.0185196200573851,
      "precision": 0.7831527093596058,
      "recall": 0.7466666666666667,
      "support": 30.0
    },
    "Santé": {
      "f1": 0.8238727401630627,
      "f1_std": 0.02709155358840346,
      "precision": 0.8294965786901273,
      "recall": 0.81875,
      "support": 32.0
    },
    "Sport": {
      "f1": 0.8948268712419655,
      "f1_std": 0.018693959602796822,
      "precision": 0.8763532763532764,
      "recall": 0.9153846153846154,
      "support": 26.0
    }
  }
}