{
  "timestamp": "2026-03-16T23:03:52.458144",
  "backbone": "BAAI/bge-m3 + intfloat/multilingual-e5-large-instruct (concat 2048-dim)",
  "num_classes": 10,
  "num_examples": 167,
  "cv_folds": 5,
  "accuracy": 0.8083832335329342,
  "macro_f1": 0.8203204860805421,
  "per_class": {
    "Culture & société": {
      "f1": 0.8205128205128205,
      "precision": 0.8,
      "recall": 0.8421052631578947,
      "support": 19.0
    },
    "Eau & environnement": {
      "f1": 0.875,
      "precision": 0.875,
      "recall": 0.875,
      "support": 16.0
    },
    "Économie & social": {
      "f1": 0.7096774193548387,
      "precision": 0.7857142857142857,
      "recall": 0.6470588235294118,
      "support": 17.0
    },
    "Éducation": {
      "f1": 0.9523809523809523,
      "precision": 1.0,
      "recall": 0.9090909090909091,
      "support": 11.0
    },
    "Faits divers": {
      "f1": 0.8837209302325582,
      "precision": 0.8636363636363636,
      "recall": 0.9047619047619048,
      "support": 21.0
    },
    "International": {
      "f1": 0.64,
      "precision": 0.8,
      "recall": 0.5333333333333333,
      "support": 15.0
    },
    "Outre-mer & Caraïbes": {
      "f1": 0.7323943661971831,
      "precision": 0.6190476190476191,
      "recall": 0.896551724137931,
      "support": 29.0
    },
    "Politique": {
      "f1": 0.8148148148148148,
      "precision": 0.9166666666666666,
      "recall": 0.7333333333333333,
      "support": 15.0
    },
    "Santé": {
      "f1": 0.8181818181818182,
      "precision": 0.9,
      "recall": 0.75,
      "support": 12.0
    },
    "Sport": {
      "f1": 0.9565217391304348,
      "precision": 1.0,
      "recall": 0.9166666666666666,
      "support": 12.0
    }
  }
}