{
  "timestamp": "2026-06-10T12:51:36.130663",
  "backbone": "BAAI/bge-m3 + intfloat/multilingual-e5-large-instruct (concat 2048-dim)",
  "num_classes": 10,
  "num_examples": 387,
  "cv_folds": 5,
  "accuracy": 0.7596899224806202,
  "macro_f1": 0.7735877857617115,
  "per_class": {
    "Culture & société": {
      "f1": 0.7058823529411765,
      "precision": 0.6818181818181818,
      "recall": 0.7317073170731707,
      "support": 41.0
    },
    "Eau & environnement": {
      "f1": 0.75,
      "precision": 0.75,
      "recall": 0.75,
      "support": 36.0
    },
    "Économie & social": {
      "f1": 0.6444444444444445,
      "precision": 0.6744186046511628,
      "recall": 0.6170212765957447,
      "support": 47.0
    },
    "Éducation": {
      "f1": 0.84,
      "precision": 0.84,
      "recall": 0.84,
      "support": 25.0
    },
    "Faits divers": {
      "f1": 0.735632183908046,
      "precision": 0.7111111111111111,
      "recall": 0.7619047619047619,
      "support": 42.0
    },
    "International": {
      "f1": 0.8070175438596491,
      "precision": 0.7796610169491526,
      "recall": 0.8363636363636363,
      "support": 55.0
    },
    "Outre-mer & Caraïbes": {
      "f1": 0.6666666666666666,
      "precision": 0.717391304347826,
      "recall": 0.6226415094339622,
      "support": 53.0
    },
    "Politique": {
      "f1": 0.8070175438596491,
      "precision": 0.8518518518518519,
      "recall": 0.7666666666666667,
      "support": 30.0
    },
    "Santé": {
      "f1": 0.835820895522388,
      "precision": 0.8,
      "recall": 0.875,
      "support": 32.0
    },
    "Sport": {
      "f1": 0.9433962264150944,
      "precision": 0.9259259259259259,
      "recall": 0.9615384615384616,
      "support": 26.0
    }
  }
}