{
  "timestamp": "2026-04-19T19:25:00.984843",
  "backbone": "BAAI/bge-m3 + intfloat/multilingual-e5-large-instruct (concat 2048-dim)",
  "num_classes": 10,
  "num_examples": 228,
  "cv_folds": 5,
  "accuracy": 0.7894736842105263,
  "macro_f1": 0.8046717436816742,
  "per_class": {
    "Culture & société": {
      "f1": 0.76,
      "precision": 0.7307692307692307,
      "recall": 0.7916666666666666,
      "support": 24.0
    },
    "Eau & environnement": {
      "f1": 0.7727272727272727,
      "precision": 0.7727272727272727,
      "recall": 0.7727272727272727,
      "support": 22.0
    },
    "Économie & social": {
      "f1": 0.7719298245614035,
      "precision": 0.7857142857142857,
      "recall": 0.7586206896551724,
      "support": 29.0
    },
    "Éducation": {
      "f1": 0.88,
      "precision": 0.9166666666666666,
      "recall": 0.8461538461538461,
      "support": 13.0
    },
    "Faits divers": {
      "f1": 0.7547169811320755,
      "precision": 0.7142857142857143,
      "recall": 0.8,
      "support": 25.0
    },
    "International": {
      "f1": 0.8214285714285714,
      "precision": 0.8846153846153846,
      "recall": 0.7666666666666667,
      "support": 30.0
    },
    "Outre-mer & Caraïbes": {
      "f1": 0.72,
      "precision": 0.675,
      "recall": 0.7714285714285715,
      "support": 35.0
    },
    "Politique": {
      "f1": 0.8421052631578947,
      "precision": 0.8888888888888888,
      "recall": 0.8,
      "support": 20.0
    },
    "Santé": {
      "f1": 0.8666666666666667,
      "precision": 0.9285714285714286,
      "recall": 0.8125,
      "support": 16.0
    },
    "Sport": {
      "f1": 0.8571428571428571,
      "precision": 0.8571428571428571,
      "recall": 0.8571428571428571,
      "support": 14.0
    }
  }
}