{
  "timestamp": "2026-05-17T19:56:19.932010",
  "backbone": "BAAI/bge-m3 + intfloat/multilingual-e5-large-instruct (concat 2048-dim)",
  "num_classes": 10,
  "num_examples": 329,
  "cv_folds": 5,
  "accuracy": 0.7325227963525835,
  "macro_f1": 0.745926333008885,
  "per_class": {
    "Culture & société": {
      "f1": 0.7575757575757576,
      "precision": 0.7352941176470589,
      "recall": 0.78125,
      "support": 32.0
    },
    "Eau & environnement": {
      "f1": 0.7450980392156863,
      "precision": 0.7916666666666666,
      "recall": 0.7037037037037037,
      "support": 27.0
    },
    "Économie & social": {
      "f1": 0.6506024096385542,
      "precision": 0.6585365853658537,
      "recall": 0.6428571428571429,
      "support": 42.0
    },
    "Éducation": {
      "f1": 0.8235294117647058,
      "precision": 0.84,
      "recall": 0.8076923076923077,
      "support": 26.0
    },
    "Faits divers": {
      "f1": 0.7123287671232876,
      "precision": 0.6666666666666666,
      "recall": 0.7647058823529411,
      "support": 34.0
    },
    "International": {
      "f1": 0.6753246753246753,
      "precision": 0.7222222222222222,
      "recall": 0.6341463414634146,
      "support": 41.0
    },
    "Outre-mer & Caraïbes": {
      "f1": 0.6363636363636364,
      "precision": 0.6222222222222222,
      "recall": 0.6511627906976745,
      "support": 43.0
    },
    "Politique": {
      "f1": 0.7457627118644068,
      "precision": 0.7586206896551724,
      "recall": 0.7333333333333333,
      "support": 30.0
    },
    "Santé": {
      "f1": 0.8070175438596491,
      "precision": 0.8214285714285714,
      "recall": 0.7931034482758621,
      "support": 29.0
    },
    "Sport": {
      "f1": 0.9056603773584906,
      "precision": 0.8571428571428571,
      "recall": 0.96,
      "support": 25.0
    }
  }
}