{
  "timestamp": "2026-05-17T22:21:02.641032",
  "backbone": "BAAI/bge-m3 + intfloat/multilingual-e5-large-instruct (concat 2048-dim)",
  "num_classes": 10,
  "num_examples": 322,
  "cv_folds": 5,
  "accuracy": 0.7577639751552795,
  "macro_f1": 0.7632113990259256,
  "per_class": {
    "Culture & société": {
      "f1": 0.8,
      "precision": 0.8571428571428571,
      "recall": 0.75,
      "support": 32.0
    },
    "Eau & environnement": {
      "f1": 0.6909090909090909,
      "precision": 0.6785714285714286,
      "recall": 0.7037037037037037,
      "support": 27.0
    },
    "Économie & social": {
      "f1": 0.6578947368421053,
      "precision": 0.6578947368421053,
      "recall": 0.6578947368421053,
      "support": 38.0
    },
    "Éducation": {
      "f1": 0.8235294117647058,
      "precision": 0.8076923076923077,
      "recall": 0.84,
      "support": 25.0
    },
    "Faits divers": {
      "f1": 0.7323943661971831,
      "precision": 0.7027027027027027,
      "recall": 0.7647058823529411,
      "support": 34.0
    },
    "International": {
      "f1": 0.8433734939759037,
      "precision": 0.8536585365853658,
      "recall": 0.8333333333333334,
      "support": 42.0
    },
    "Outre-mer & Caraïbes": {
      "f1": 0.6410256410256411,
      "precision": 0.6756756756756757,
      "recall": 0.6097560975609756,
      "support": 41.0
    },
    "Politique": {
      "f1": 0.7540983606557377,
      "precision": 0.7419354838709677,
      "recall": 0.7666666666666667,
      "support": 30.0
    },
    "Santé": {
      "f1": 0.8,
      "precision": 0.8148148148148148,
      "recall": 0.7857142857142857,
      "support": 28.0
    },
    "Sport": {
      "f1": 0.8888888888888888,
      "precision": 0.8275862068965517,
      "recall": 0.96,
      "support": 25.0
    }
  }
}