{
  "timestamp": "2026-03-15T21:17:38.059557",
  "backbone": "BAAI/bge-m3",
  "num_classes": 10,
  "num_examples": 126,
  "cv_folds": 5,
  "accuracy": 0.8015873015873016,
  "macro_f1": 0.8005729053555142,
  "per_class": {
    "Culture & société": {
      "f1": 0.8695652173913043,
      "precision": 0.9090909090909091,
      "recall": 0.8333333333333334,
      "support": 12.0
    },
    "Eau & environnement": {
      "f1": 0.8571428571428571,
      "precision": 0.8,
      "recall": 0.9230769230769231,
      "support": 13.0
    },
    "Économie & social": {
      "f1": 0.6153846153846154,
      "precision": 0.6666666666666666,
      "recall": 0.5714285714285714,
      "support": 14.0
    },
    "Éducation": {
      "f1": 0.9090909090909091,
      "precision": 0.8333333333333334,
      "recall": 1.0,
      "support": 10.0
    },
    "Faits divers": {
      "f1": 0.8333333333333334,
      "precision": 0.7894736842105263,
      "recall": 0.8823529411764706,
      "support": 17.0
    },
    "International": {
      "f1": 0.8,
      "precision": 0.7692307692307693,
      "recall": 0.8333333333333334,
      "support": 12.0
    },
    "Outre-mer & Caraïbes": {
      "f1": 0.6363636363636364,
      "precision": 0.7,
      "recall": 0.5833333333333334,
      "support": 12.0
    },
    "Politique": {
      "f1": 0.9166666666666666,
      "precision": 1.0,
      "recall": 0.8461538461538461,
      "support": 13.0
    },
    "Santé": {
      "f1": 0.75,
      "precision": 0.75,
      "recall": 0.75,
      "support": 12.0
    },
    "Sport": {
      "f1": 0.8181818181818182,
      "precision": 0.8181818181818182,
      "recall": 0.8181818181818182,
      "support": 11.0
    }
  }
}