{
  "timestamp": "2026-05-01T08:38:12.391127",
  "backbone": "BAAI/bge-m3 + intfloat/multilingual-e5-large-instruct (concat 2048-dim)",
  "num_classes": 10,
  "num_examples": 275,
  "cv_folds": 5,
  "accuracy": 0.8036363636363636,
  "macro_f1": 0.8052726030303863,
  "per_class": {
    "Culture & société": {
      "f1": 0.7058823529411765,
      "precision": 0.6923076923076923,
      "recall": 0.72,
      "support": 25.0
    },
    "Eau & environnement": {
      "f1": 0.7659574468085106,
      "precision": 0.8181818181818182,
      "recall": 0.72,
      "support": 25.0
    },
    "Économie & social": {
      "f1": 0.711864406779661,
      "precision": 0.75,
      "recall": 0.6774193548387096,
      "support": 31.0
    },
    "Éducation": {
      "f1": 0.8846153846153846,
      "precision": 0.8518518518518519,
      "recall": 0.92,
      "support": 25.0
    },
    "Faits divers": {
      "f1": 0.7547169811320755,
      "precision": 0.7407407407407407,
      "recall": 0.7692307692307693,
      "support": 26.0
    },
    "International": {
      "f1": 0.8181818181818182,
      "precision": 0.8181818181818182,
      "recall": 0.8181818181818182,
      "support": 33.0
    },
    "Outre-mer & Caraïbes": {
      "f1": 0.782608695652174,
      "precision": 0.7941176470588235,
      "recall": 0.7714285714285715,
      "support": 35.0
    },
    "Politique": {
      "f1": 0.8461538461538461,
      "precision": 0.8148148148148148,
      "recall": 0.88,
      "support": 25.0
    },
    "Santé": {
      "f1": 0.92,
      "precision": 0.92,
      "recall": 0.92,
      "support": 25.0
    },
    "Sport": {
      "f1": 0.8627450980392157,
      "precision": 0.8461538461538461,
      "recall": 0.88,
      "support": 25.0
    }
  }
}