{
  "timestamp": "2026-06-10T13:10:05.642375",
  "backbone": "BAAI/bge-m3 + intfloat/multilingual-e5-large-instruct (concat 2048-dim)",
  "num_classes": 10,
  "num_examples": 399,
  "cv_folds": 5,
  "cv_repeats": 5,
  "accuracy": 0.7619047619047619,
  "accuracy_std": 0.004193784594155753,
  "macro_f1": 0.7708276177504929,
  "macro_f1_std": 0.004274340432530842,
  "per_class": {
    "Culture & société": {
      "f1": 0.8157117894953233,
      "f1_std": 0.017996061083343,
      "precision": 0.7975039320692816,
      "recall": 0.8355555555555554,
      "support": 45.0
    },
    "Eau & environnement": {
      "f1": 0.6938502293726174,
      "f1_std": 0.011070413892521773,
      "precision": 0.7311321948134093,
      "recall": 0.6611111111111111,
      "support": 36.0
    },
    "Économie & social": {
      "f1": 0.7090243789823621,
      "f1_std": 0.010170742478124689,
      "precision": 0.7216891134882965,
      "recall": 0.6980392156862745,
      "support": 51.0
    },
    "Éducation": {
      "f1": 0.8116955718457595,
      "f1_std": 0.02438153094013459,
      "precision": 0.8343006993006993,
      "recall": 0.792,
      "support": 25.0
    },
    "Faits divers": {
      "f1": 0.747636104428406,
      "f1_std": 0.016928936712949837,
      "precision": 0.7214646464646466,
      "recall": 0.7761904761904761,
      "support": 42.0
    },
    "International": {
      "f1": 0.7912483541919965,
      "f1_std": 0.017873176919143176,
      "precision": 0.776052095596837,
      "recall": 0.8072727272727273,
      "support": 55.0
    },
    "Outre-mer & Caraïbes": {
      "f1": 0.6782696621675017,
      "f1_std": 0.012307909593342272,
      "precision": 0.683515911682727,
      "recall": 0.6736842105263158,
      "support": 57.0
    },
    "Politique": {
      "f1": 0.7552348597202254,
      "f1_std": 0.009704849257202448,
      "precision": 0.7719411927420825,
      "recall": 0.74,
      "support": 30.0
    },
    "Santé": {
      "f1": 0.8291506656426011,
      "f1_std": 0.011044841052279144,
      "precision": 0.8400672043010753,
      "recall": 0.81875,
      "support": 32.0
    },
    "Sport": {
      "f1": 0.8764545616581365,
      "f1_std": 0.007473503409666493,
      "precision": 0.8558772171675397,
      "recall": 0.9,
      "support": 26.0
    }
  }
}