{
  "timestamp": "2026-04-05T21:52:03.107355",
  "backbone": "BAAI/bge-m3 + intfloat/multilingual-e5-large-instruct (concat 2048-dim)",
  "num_classes": 10,
  "num_examples": 183,
  "cv_folds": 5,
  "accuracy": 0.8087431693989071,
  "macro_f1": 0.8108390415539756,
  "per_class": {
    "Culture & société": {
      "f1": 0.8235294117647058,
      "precision": 0.75,
      "recall": 0.9130434782608695,
      "support": 23.0
    },
    "Eau & environnement": {
      "f1": 0.8571428571428571,
      "precision": 0.8333333333333334,
      "recall": 0.8823529411764706,
      "support": 17.0
    },
    "Économie & social": {
      "f1": 0.6857142857142857,
      "precision": 0.75,
      "recall": 0.631578947368421,
      "support": 19.0
    },
    "Éducation": {
      "f1": 0.8695652173913043,
      "precision": 0.9090909090909091,
      "recall": 0.8333333333333334,
      "support": 12.0
    },
    "Faits divers": {
      "f1": 0.8163265306122449,
      "precision": 0.7692307692307693,
      "recall": 0.8695652173913043,
      "support": 23.0
    },
    "International": {
      "f1": 0.7142857142857143,
      "precision": 0.8333333333333334,
      "recall": 0.625,
      "support": 16.0
    },
    "Outre-mer & Caraïbes": {
      "f1": 0.8253968253968254,
      "precision": 0.7647058823529411,
      "recall": 0.896551724137931,
      "support": 29.0
    },
    "Politique": {
      "f1": 0.7741935483870968,
      "precision": 0.8571428571428571,
      "recall": 0.7058823529411765,
      "support": 17.0
    },
    "Santé": {
      "f1": 0.7857142857142857,
      "precision": 0.8461538461538461,
      "recall": 0.7333333333333333,
      "support": 15.0
    },
    "Sport": {
      "f1": 0.9565217391304348,
      "precision": 1.0,
      "recall": 0.9166666666666666,
      "support": 12.0
    }
  }
}