{
  "timestamp": "2026-06-07T23:17:56.249396",
  "backbone": "BAAI/bge-m3 + intfloat/multilingual-e5-large-instruct (concat 2048-dim)",
  "num_classes": 10,
  "num_examples": 383,
  "cv_folds": 5,
  "accuracy": 0.7728459530026109,
  "macro_f1": 0.7837676967622544,
  "per_class": {
    "Culture & société": {
      "f1": 0.7906976744186046,
      "precision": 0.7906976744186046,
      "recall": 0.7906976744186046,
      "support": 43.0
    },
    "Eau & environnement": {
      "f1": 0.7246376811594203,
      "precision": 0.7352941176470589,
      "recall": 0.7142857142857143,
      "support": 35.0
    },
    "Économie & social": {
      "f1": 0.6511627906976745,
      "precision": 0.6666666666666666,
      "recall": 0.6363636363636364,
      "support": 44.0
    },
    "Éducation": {
      "f1": 0.8627450980392157,
      "precision": 0.8461538461538461,
      "recall": 0.88,
      "support": 25.0
    },
    "Faits divers": {
      "f1": 0.7777777777777778,
      "precision": 0.7291666666666666,
      "recall": 0.8333333333333334,
      "support": 42.0
    },
    "International": {
      "f1": 0.7878787878787878,
      "precision": 0.78,
      "recall": 0.7959183673469388,
      "support": 49.0
    },
    "Outre-mer & Caraïbes": {
      "f1": 0.7047619047619048,
      "precision": 0.7708333333333334,
      "recall": 0.6491228070175439,
      "support": 57.0
    },
    "Politique": {
      "f1": 0.7931034482758621,
      "precision": 0.8214285714285714,
      "recall": 0.7666666666666667,
      "support": 30.0
    },
    "Santé": {
      "f1": 0.835820895522388,
      "precision": 0.8,
      "recall": 0.875,
      "support": 32.0
    },
    "Sport": {
      "f1": 0.9090909090909091,
      "precision": 0.8620689655172413,
      "recall": 0.9615384615384616,
      "support": 26.0
    }
  }
}