{
  "timestamp": "2026-06-14T20:19:34.234409",
  "backbone": "BAAI/bge-m3 + intfloat/multilingual-e5-large-instruct (concat 2048-dim)",
  "num_classes": 10,
  "num_examples": 425,
  "cv_folds": 5,
  "cv_repeats": 5,
  "accuracy": 0.7543529411764707,
  "accuracy_std": 0.014701646448765466,
  "macro_f1": 0.7669079229313678,
  "macro_f1_std": 0.014735434727043428,
  "per_class": {
    "Culture & société": {
      "f1": 0.8194045010730215,
      "f1_std": 0.01290225975513229,
      "precision": 0.8369687224919783,
      "recall": 0.8044444444444444,
      "support": 45.0
    },
    "Eau & environnement": {
      "f1": 0.7536577816468377,
      "f1_std": 0.018507925728549843,
      "precision": 0.7287545577105738,
      "recall": 0.780952380952381,
      "support": 42.0
    },
    "Économie & social": {
      "f1": 0.6958773980260535,
      "f1_std": 0.044952055013164696,
      "precision": 0.7024292520259792,
      "recall": 0.689655172413793,
      "support": 58.0
    },
    "Éducation": {
      "f1": 0.8512110374929464,
      "f1_std": 0.03170348584258811,
      "precision": 0.8282437511403028,
      "recall": 0.876923076923077,
      "support": 26.0
    },
    "Faits divers": {
      "f1": 0.6876498202427398,
      "f1_std": 0.040494827213829826,
      "precision": 0.6809870938601258,
      "recall": 0.6954545454545455,
      "support": 44.0
    },
    "International": {
      "f1": 0.7758914658528188,
      "f1_std": 0.023174362553771935,
      "precision": 0.7535323698004809,
      "recall": 0.8,
      "support": 58.0
    },
    "Outre-mer & Caraïbes": {
      "f1": 0.6863191174216984,
      "f1_std": 0.019362697254203184,
      "precision": 0.7125981586493266,
      "recall": 0.6634920634920636,
      "support": 63.0
    },
    "Politique": {
      "f1": 0.7167114284646402,
      "f1_std": 0.030486768448632944,
      "precision": 0.7542634311266123,
      "recall": 0.6838709677419355,
      "support": 31.0
    },
    "Santé": {
      "f1": 0.8061853558627752,
      "f1_std": 0.037768036934137,
      "precision": 0.8195112414467254,
      "recall": 0.79375,
      "support": 32.0
    },
    "Sport": {
      "f1": 0.8761713232301467,
      "f1_std": 0.028567995870337873,
      "precision": 0.8552307692307692,
      "recall": 0.9,
      "support": 26.0
    }
  }
}