{
  "timestamp": "2026-03-16T22:12:50.577830",
  "backbone": "BAAI/bge-m3",
  "num_classes": 10,
  "num_examples": 167,
  "cv_folds": 5,
  "accuracy": 0.7544910179640718,
  "macro_f1": 0.7626767992892713,
  "per_class": {
    "Culture & société": {
      "f1": 0.75,
      "precision": 0.7142857142857143,
      "recall": 0.7894736842105263,
      "support": 19.0
    },
    "Eau & environnement": {
      "f1": 0.75,
      "precision": 0.75,
      "recall": 0.75,
      "support": 16.0
    },
    "Économie & social": {
      "f1": 0.6451612903225806,
      "precision": 0.7142857142857143,
      "recall": 0.5882352941176471,
      "support": 17.0
    },
    "Éducation": {
      "f1": 0.8421052631578947,
      "precision": 1.0,
      "recall": 0.7272727272727273,
      "support": 11.0
    },
    "Faits divers": {
      "f1": 0.8372093023255814,
      "precision": 0.8181818181818182,
      "recall": 0.8571428571428571,
      "support": 21.0
    },
    "International": {
      "f1": 0.72,
      "precision": 0.9,
      "recall": 0.6,
      "support": 15.0
    },
    "Outre-mer & Caraïbes": {
      "f1": 0.7123287671232876,
      "precision": 0.5909090909090909,
      "recall": 0.896551724137931,
      "support": 29.0
    },
    "Politique": {
      "f1": 0.8461538461538461,
      "precision": 1.0,
      "recall": 0.7333333333333333,
      "support": 15.0
    },
    "Santé": {
      "f1": 0.6666666666666666,
      "precision": 0.6666666666666666,
      "recall": 0.6666666666666666,
      "support": 12.0
    },
    "Sport": {
      "f1": 0.8571428571428571,
      "precision": 1.0,
      "recall": 0.75,
      "support": 12.0
    }
  }
}