{
  "timestamp": "2026-06-28T20:07:03.789375",
  "backbone": "BAAI/bge-m3 + intfloat/multilingual-e5-large-instruct (concat 2048-dim)",
  "num_classes": 10,
  "num_examples": 446,
  "cv_folds": 5,
  "cv_repeats": 5,
  "accuracy": 0.7340807174887891,
  "accuracy_std": 0.014503104599817256,
  "macro_f1": 0.7456181959707708,
  "macro_f1_std": 0.01324908791966952,
  "per_class": {
    "Culture & société": {
      "f1": 0.7614934596403369,
      "f1_std": 0.03572080440656781,
      "precision": 0.8052813852813852,
      "recall": 0.7224489795918367,
      "support": 49.0
    },
    "Eau & environnement": {
      "f1": 0.7047855358046242,
      "f1_std": 0.05699983882534507,
      "precision": 0.6903354587537744,
      "recall": 0.7209302325581396,
      "support": 43.0
    },
    "Économie & social": {
      "f1": 0.6968983188223913,
      "f1_std": 0.023934657794253505,
      "precision": 0.6930151246623101,
      "recall": 0.7016949152542372,
      "support": 59.0
    },
    "Éducation": {
      "f1": 0.8032274081429991,
      "f1_std": 0.03305213504704099,
      "precision": 0.7930327144120247,
      "recall": 0.8148148148148147,
      "support": 27.0
    },
    "Faits divers": {
      "f1": 0.6611782531878847,
      "f1_std": 0.041727959153637986,
      "precision": 0.6431802488960258,
      "recall": 0.6808510638297873,
      "support": 47.0
    },
    "International": {
      "f1": 0.7636669650994763,
      "f1_std": 0.019198351158076058,
      "precision": 0.7369992533879418,
      "recall": 0.7933333333333333,
      "support": 60.0
    },
    "Outre-mer & Caraïbes": {
      "f1": 0.6846430193821926,
      "f1_std": 0.03234755665112329,
      "precision": 0.7071308170280275,
      "recall": 0.6636363636363636,
      "support": 66.0
    },
    "Politique": {
      "f1": 0.7231392964947233,
      "f1_std": 0.020161571263641116,
      "precision": 0.7464837313224411,
      "recall": 0.702857142857143,
      "support": 35.0
    },
    "Santé": {
      "f1": 0.7928133069116676,
      "f1_std": 0.030896731675824338,
      "precision": 0.8124178380018202,
      "recall": 0.775,
      "support": 32.0
    },
    "Sport": {
      "f1": 0.8643363962214128,
      "f1_std": 0.018777551299257015,
      "precision": 0.844459452301499,
      "recall": 0.8857142857142858,
      "support": 28.0
    }
  }
}