{
  "timestamp": "2026-04-26T19:36:52.994428",
  "backbone": "BAAI/bge-m3 + intfloat/multilingual-e5-large-instruct (concat 2048-dim)",
  "num_classes": 10,
  "num_examples": 241,
  "cv_folds": 5,
  "accuracy": 0.7842323651452282,
  "macro_f1": 0.7873411310885927,
  "per_class": {
    "Culture & société": {
      "f1": 0.8,
      "precision": 0.7096774193548387,
      "recall": 0.9166666666666666,
      "support": 24.0
    },
    "Eau & environnement": {
      "f1": 0.7719298245614035,
      "precision": 0.7096774193548387,
      "recall": 0.8461538461538461,
      "support": 26.0
    },
    "Économie & social": {
      "f1": 0.84375,
      "precision": 0.84375,
      "recall": 0.84375,
      "support": 32.0
    },
    "Éducation": {
      "f1": 0.8888888888888888,
      "precision": 0.9230769230769231,
      "recall": 0.8571428571428571,
      "support": 14.0
    },
    "Faits divers": {
      "f1": 0.7058823529411765,
      "precision": 0.72,
      "recall": 0.6923076923076923,
      "support": 26.0
    },
    "International": {
      "f1": 0.8253968253968254,
      "precision": 0.8666666666666667,
      "recall": 0.7878787878787878,
      "support": 33.0
    },
    "Outre-mer & Caraïbes": {
      "f1": 0.7323943661971831,
      "precision": 0.7222222222222222,
      "recall": 0.7428571428571429,
      "support": 35.0
    },
    "Politique": {
      "f1": 0.7368421052631579,
      "precision": 0.8235294117647058,
      "recall": 0.6666666666666666,
      "support": 21.0
    },
    "Santé": {
      "f1": 0.7407407407407407,
      "precision": 0.9090909090909091,
      "recall": 0.625,
      "support": 16.0
    },
    "Sport": {
      "f1": 0.8275862068965517,
      "precision": 0.8,
      "recall": 0.8571428571428571,
      "support": 14.0
    }
  }
}