{
  "timestamp": "2026-04-06T22:56:59.779192",
  "backbone": "BAAI/bge-m3 + intfloat/multilingual-e5-large-instruct (concat 2048-dim)",
  "num_classes": 10,
  "num_examples": 191,
  "cv_folds": 5,
  "accuracy": 0.7905759162303665,
  "macro_f1": 0.80358008777958,
  "per_class": {
    "Culture & société": {
      "f1": 0.84,
      "precision": 0.7777777777777778,
      "recall": 0.9130434782608695,
      "support": 23.0
    },
    "Eau & environnement": {
      "f1": 0.8823529411764706,
      "precision": 0.8823529411764706,
      "recall": 0.8823529411764706,
      "support": 17.0
    },
    "Économie & social": {
      "f1": 0.6666666666666666,
      "precision": 0.7058823529411765,
      "recall": 0.631578947368421,
      "support": 19.0
    },
    "Éducation": {
      "f1": 0.8695652173913043,
      "precision": 0.9090909090909091,
      "recall": 0.8333333333333334,
      "support": 12.0
    },
    "Faits divers": {
      "f1": 0.8085106382978723,
      "precision": 0.7916666666666666,
      "recall": 0.8260869565217391,
      "support": 23.0
    },
    "International": {
      "f1": 0.723404255319149,
      "precision": 0.7391304347826086,
      "recall": 0.7083333333333334,
      "support": 24.0
    },
    "Outre-mer & Caraïbes": {
      "f1": 0.7301587301587301,
      "precision": 0.6764705882352942,
      "recall": 0.7931034482758621,
      "support": 29.0
    },
    "Politique": {
      "f1": 0.8,
      "precision": 0.9230769230769231,
      "recall": 0.7058823529411765,
      "support": 17.0
    },
    "Santé": {
      "f1": 0.7586206896551724,
      "precision": 0.7857142857142857,
      "recall": 0.7333333333333333,
      "support": 15.0
    },
    "Sport": {
      "f1": 0.9565217391304348,
      "precision": 1.0,
      "recall": 0.9166666666666666,
      "support": 12.0
    }
  }
}