{
  "timestamp": "2026-06-10T20:25:41.329899",
  "backbone": "BAAI/bge-m3 + intfloat/multilingual-e5-large-instruct (concat 2048-dim)",
  "num_classes": 10,
  "num_examples": 414,
  "cv_folds": 5,
  "cv_repeats": 5,
  "accuracy": 0.7628019323671497,
  "accuracy_std": 0.01378293972723393,
  "macro_f1": 0.7738250716957231,
  "macro_f1_std": 0.014140938593377424,
  "per_class": {
    "Culture & société": {
      "f1": 0.8205446260144716,
      "f1_std": 0.03529188015350877,
      "precision": 0.810840701618513,
      "recall": 0.8311111111111111,
      "support": 45.0
    },
    "Eau & environnement": {
      "f1": 0.7306427751533653,
      "f1_std": 0.01963795412326437,
      "precision": 0.7190214436726065,
      "recall": 0.7428571428571429,
      "support": 42.0
    },
    "Économie & social": {
      "f1": 0.7041006369209524,
      "f1_std": 0.03606982746632339,
      "precision": 0.7069570085087327,
      "recall": 0.7017543859649124,
      "support": 57.0
    },
    "Éducation": {
      "f1": 0.8145520335793892,
      "f1_std": 0.030799544985956155,
      "precision": 0.8392160737812911,
      "recall": 0.792,
      "support": 25.0
    },
    "Faits divers": {
      "f1": 0.7432018600234367,
      "f1_std": 0.01889177566179231,
      "precision": 0.7304271926965459,
      "recall": 0.7571428571428571,
      "support": 42.0
    },
    "International": {
      "f1": 0.7892722127760586,
      "f1_std": 0.028806455487020995,
      "precision": 0.7829919747524103,
      "recall": 0.7963636363636365,
      "support": 55.0
    },
    "Outre-mer & Caraïbes": {
      "f1": 0.6935251234310795,
      "f1_std": 0.029169936635399504,
      "precision": 0.7044171905172767,
      "recall": 0.6833333333333333,
      "support": 60.0
    },
    "Politique": {
      "f1": 0.7500902314230931,
      "f1_std": 0.01576067263029959,
      "precision": 0.7833684195753161,
      "recall": 0.72,
      "support": 30.0
    },
    "Santé": {
      "f1": 0.8043569333891915,
      "f1_std": 0.028036674549407076,
      "precision": 0.816091081593928,
      "recall": 0.79375,
      "support": 32.0
    },
    "Sport": {
      "f1": 0.8879642842461933,
      "f1_std": 0.03162215598441727,
      "precision": 0.8636296296296295,
      "recall": 0.9153846153846154,
      "support": 26.0
    }
  }
}