{
  "timestamp": "2026-03-15T21:02:25.116700",
  "backbone": "BAAI/bge-m3",
  "num_classes": 10,
  "num_examples": 124,
  "cv_folds": 5,
  "accuracy": 0.8467741935483871,
  "macro_f1": 0.850452479319487,
  "per_class": {
    "Culture & société": {
      "f1": 0.96,
      "precision": 0.9230769230769231,
      "recall": 1.0,
      "support": 12.0
    },
    "Eau & environnement": {
      "f1": 0.9230769230769231,
      "precision": 0.9230769230769231,
      "recall": 0.9230769230769231,
      "support": 13.0
    },
    "Économie & social": {
      "f1": 0.72,
      "precision": 0.75,
      "recall": 0.6923076923076923,
      "support": 13.0
    },
    "Éducation": {
      "f1": 0.9523809523809523,
      "precision": 0.9090909090909091,
      "recall": 1.0,
      "support": 10.0
    },
    "Faits divers": {
      "f1": 0.8235294117647058,
      "precision": 0.8235294117647058,
      "recall": 0.8235294117647058,
      "support": 17.0
    },
    "International": {
      "f1": 0.8695652173913043,
      "precision": 0.9090909090909091,
      "recall": 0.8333333333333334,
      "support": 12.0
    },
    "Outre-mer & Caraïbes": {
      "f1": 0.6923076923076923,
      "precision": 0.6428571428571429,
      "recall": 0.75,
      "support": 12.0
    },
    "Politique": {
      "f1": 0.9565217391304348,
      "precision": 1.0,
      "recall": 0.9166666666666666,
      "support": 12.0
    },
    "Santé": {
      "f1": 0.75,
      "precision": 0.75,
      "recall": 0.75,
      "support": 12.0
    },
    "Sport": {
      "f1": 0.8571428571428571,
      "precision": 0.9,
      "recall": 0.8181818181818182,
      "support": 11.0
    }
  }
}