{
  "timestamp": "2026-05-24T19:58:15.860576",
  "backbone": "BAAI/bge-m3 + intfloat/multilingual-e5-large-instruct (concat 2048-dim)",
  "num_classes": 10,
  "num_examples": 344,
  "cv_folds": 5,
  "accuracy": 0.7296511627906976,
  "macro_f1": 0.7411568180755629,
  "per_class": {
    "Culture & société": {
      "f1": 0.7272727272727273,
      "precision": 0.75,
      "recall": 0.7058823529411765,
      "support": 34.0
    },
    "Eau & environnement": {
      "f1": 0.7142857142857143,
      "precision": 0.7407407407407407,
      "recall": 0.6896551724137931,
      "support": 29.0
    },
    "Économie & social": {
      "f1": 0.6133333333333333,
      "precision": 0.6571428571428571,
      "recall": 0.575,
      "support": 40.0
    },
    "Éducation": {
      "f1": 0.8518518518518519,
      "precision": 0.7931034482758621,
      "recall": 0.92,
      "support": 25.0
    },
    "Faits divers": {
      "f1": 0.7027027027027027,
      "precision": 0.65,
      "recall": 0.7647058823529411,
      "support": 34.0
    },
    "International": {
      "f1": 0.7368421052631579,
      "precision": 0.7291666666666666,
      "recall": 0.7446808510638298,
      "support": 47.0
    },
    "Outre-mer & Caraïbes": {
      "f1": 0.6086956521739131,
      "precision": 0.6363636363636364,
      "recall": 0.5833333333333334,
      "support": 48.0
    },
    "Politique": {
      "f1": 0.7796610169491526,
      "precision": 0.7931034482758621,
      "recall": 0.7666666666666667,
      "support": 30.0
    },
    "Santé": {
      "f1": 0.8307692307692308,
      "precision": 0.8181818181818182,
      "recall": 0.84375,
      "support": 32.0
    },
    "Sport": {
      "f1": 0.8461538461538461,
      "precision": 0.8148148148148148,
      "recall": 0.88,
      "support": 25.0
    }
  }
}