{
  "timestamp": "2026-05-10T19:51:13.329290",
  "backbone": "BAAI/bge-m3 + intfloat/multilingual-e5-large-instruct (concat 2048-dim)",
  "num_classes": 10,
  "num_examples": 305,
  "cv_folds": 5,
  "accuracy": 0.7540983606557377,
  "macro_f1": 0.7606830836576752,
  "per_class": {
    "Culture & société": {
      "f1": 0.7037037037037037,
      "precision": 0.76,
      "recall": 0.6551724137931034,
      "support": 29.0
    },
    "Eau & environnement": {
      "f1": 0.6666666666666666,
      "precision": 0.6538461538461539,
      "recall": 0.68,
      "support": 25.0
    },
    "Économie & social": {
      "f1": 0.7297297297297297,
      "precision": 0.7105263157894737,
      "recall": 0.75,
      "support": 36.0
    },
    "Éducation": {
      "f1": 0.8235294117647058,
      "precision": 0.8076923076923077,
      "recall": 0.84,
      "support": 25.0
    },
    "Faits divers": {
      "f1": 0.7741935483870968,
      "precision": 0.7741935483870968,
      "recall": 0.7741935483870968,
      "support": 31.0
    },
    "International": {
      "f1": 0.7733333333333333,
      "precision": 0.7837837837837838,
      "recall": 0.7631578947368421,
      "support": 38.0
    },
    "Outre-mer & Caraïbes": {
      "f1": 0.6341463414634146,
      "precision": 0.6190476190476191,
      "recall": 0.65,
      "support": 40.0
    },
    "Politique": {
      "f1": 0.8148148148148148,
      "precision": 0.8148148148148148,
      "recall": 0.8148148148148148,
      "support": 27.0
    },
    "Santé": {
      "f1": 0.7636363636363637,
      "precision": 0.8076923076923077,
      "recall": 0.7241379310344828,
      "support": 29.0
    },
    "Sport": {
      "f1": 0.9230769230769231,
      "precision": 0.8888888888888888,
      "recall": 0.96,
      "support": 25.0
    }
  }
}