{
  "timestamp": "2026-04-05T19:15:21.476677",
  "backbone": "BAAI/bge-m3 + intfloat/multilingual-e5-large-instruct (concat 2048-dim)",
  "num_classes": 10,
  "num_examples": 182,
  "cv_folds": 5,
  "accuracy": 0.8351648351648352,
  "macro_f1": 0.8432530065962744,
  "per_class": {
    "Culture & société": {
      "f1": 0.7916666666666666,
      "precision": 0.76,
      "recall": 0.8260869565217391,
      "support": 23.0
    },
    "Eau & environnement": {
      "f1": 0.9375,
      "precision": 1.0,
      "recall": 0.8823529411764706,
      "support": 17.0
    },
    "Économie & social": {
      "f1": 0.7567567567567568,
      "precision": 0.7777777777777778,
      "recall": 0.7368421052631579,
      "support": 19.0
    },
    "Éducation": {
      "f1": 0.9090909090909091,
      "precision": 1.0,
      "recall": 0.8333333333333334,
      "support": 12.0
    },
    "Faits divers": {
      "f1": 0.8695652173913043,
      "precision": 0.8333333333333334,
      "recall": 0.9090909090909091,
      "support": 22.0
    },
    "International": {
      "f1": 0.6923076923076923,
      "precision": 0.9,
      "recall": 0.5625,
      "support": 16.0
    },
    "Outre-mer & Caraïbes": {
      "f1": 0.8115942028985508,
      "precision": 0.7,
      "recall": 0.9655172413793104,
      "support": 29.0
    },
    "Politique": {
      "f1": 0.7741935483870968,
      "precision": 0.8571428571428571,
      "recall": 0.7058823529411765,
      "support": 17.0
    },
    "Santé": {
      "f1": 0.9333333333333333,
      "precision": 0.9333333333333333,
      "recall": 0.9333333333333333,
      "support": 15.0
    },
    "Sport": {
      "f1": 0.9565217391304348,
      "precision": 1.0,
      "recall": 0.9166666666666666,
      "support": 12.0
    }
  }
}