{
  "timestamp": "2026-05-04T08:22:54.063251",
  "backbone": "BAAI/bge-m3 + intfloat/multilingual-e5-large-instruct (concat 2048-dim)",
  "num_classes": 10,
  "num_examples": 283,
  "cv_folds": 5,
  "accuracy": 0.8021201413427562,
  "macro_f1": 0.8034907462450869,
  "per_class": {
    "Culture & société": {
      "f1": 0.7924528301886793,
      "precision": 0.8076923076923077,
      "recall": 0.7777777777777778,
      "support": 27.0
    },
    "Eau & environnement": {
      "f1": 0.68,
      "precision": 0.68,
      "recall": 0.68,
      "support": 25.0
    },
    "Économie & social": {
      "f1": 0.7636363636363637,
      "precision": 0.84,
      "recall": 0.7,
      "support": 30.0
    },
    "Éducation": {
      "f1": 0.8235294117647058,
      "precision": 0.8076923076923077,
      "recall": 0.84,
      "support": 25.0
    },
    "Faits divers": {
      "f1": 0.7796610169491526,
      "precision": 0.7666666666666667,
      "recall": 0.7931034482758621,
      "support": 29.0
    },
    "International": {
      "f1": 0.8529411764705882,
      "precision": 0.8529411764705882,
      "recall": 0.8529411764705882,
      "support": 34.0
    },
    "Outre-mer & Caraïbes": {
      "f1": 0.7222222222222222,
      "precision": 0.7222222222222222,
      "recall": 0.7222222222222222,
      "support": 36.0
    },
    "Politique": {
      "f1": 0.8846153846153846,
      "precision": 0.8846153846153846,
      "recall": 0.8846153846153846,
      "support": 26.0
    },
    "Santé": {
      "f1": 0.8679245283018868,
      "precision": 0.8518518518518519,
      "recall": 0.8846153846153846,
      "support": 26.0
    },
    "Sport": {
      "f1": 0.8679245283018868,
      "precision": 0.8214285714285714,
      "recall": 0.92,
      "support": 25.0
    }
  }
}